X0, ROA(C) before interest and depreciation before interest
X1, ROA(A) before interest and % after tax
X2, ROA(B) before interest and depreciation after tax
X3, Operating Gross Margin
X4, Realized Sales Gross Margin
X5, Operating Profit Rate
X6, Pre-tax net Interest Rate
X7, After-tax net Interest Rate
X8, Non-industry income and expenditure/revenue
X9, Continuous interest rate (after tax)
X10, Operating Expense Rate
X11, Research and development expense rate
X12, Cash flow rate
X13, Interest-bearing debt interest rate
X14, Tax rate (A)
X15, Net Value Per Share (B)
X16, Net Value Per Share (A)
X17, Net Value Per Share (C)
X18, Persistent EPS in the Last Four Seasons
X19, Cash Flow Per Share
X20, Revenue Per Share (Yuan ¥)
X21, Operating Profit Per Share (Yuan ¥)
X22, Per Share Net profit before tax (Yuan ¥)
X23, Realized Sales Gross Profit Growth Rate
X24, Operating Profit Growth Rate
X25, After-tax Net Profit Growth Rate
X26, Regular Net Profit Growth Rate
X27, Continuous Net Profit Growth Rate
X28, Total Asset Growth Rate
X29, Net Value Growth Rate
X30, Total Asset Return Growth Rate Ratio
X31, Cash Reinvestment %
X32, Current Ratio
X33, Quick Ratio
X34, Interest Expense Ratio
X35, Total debt/Total net worth
X36, Debt ratio %
X37, Net worth/Assets
X38, Long-term fund suitability ratio (A)
X39, Borrowing dependency
X40, Contingent liabilities/Net worth
X41, Operating profit/Paid-in capital
X42, Net profit before tax/Paid-in capital
X43, Inventory and accounts receivable/Net value
X44, Total Asset Turnover
X45, Accounts Receivable Turnover
X46, Average Collection Days
X47, Inventory Turnover Rate (times)
X48, Fixed Assets Turnover Frequency
X49, Net Worth Turnover Rate (times)
X50, Revenue per person
X51, Operating profit per person
X52, Allocation rate per person
X53, Working Capital to Total Assets
X54, Quick Assets/Total Assets
X55, Current Assets/Total Assets
X56, Cash/Total Assets
X57, Quick Assets/Current Liability
X58, Cash/Current Liability
X59, Current Liability to Assets
X60, Operating Funds to Liability
X61, Inventory/Working Capital
X62, Inventory/Current Liability
X63, Current Liabilities/Liability
X64, Working Capital/Equity
X65, Current Liabilities/Equity
X66, Long-term Liability to Current Assets
X67, Retained Earnings to Total Assets
X68, Total income/Total expense
X69, Total expense/Assets
X70, Current Asset Turnover Rate
X71, Quick Asset Turnover Rate
X72, Working capitcal Turnover Rate
X73, Cash Turnover Rate
X74, Cash Flow to Sales
X75, Fixed Assets to Assets
X76, Current Liability to Liability
X77, Current Liability to Equity
X78, Equity to Long-term Liability
X79, Cash Flow to Total Assets
X80, Cash Flow to Liability
X81, CFO to Assets
X82, Cash Flow to Equity
X83, Current Liability to Current Assets
X84, Liability-Assets Flag
X85, Net Income to Total Assets
X86, Total assets to GNP price
X87, No-credit Interval
X88, Gross Profit to Sales
X89, Net Income to Stockholder's Equity
X90, Liability to Equity
X91, Degree of Financial Leverage (DFL)
X92, Interest Coverage Ratio (Interest expense to EBIT)
X93, Equity to Liability
X94,Bankrupt?
