,0
X0,float64
X1,float64
X2,float64
X3,float64
X4,float64
X5,float64
X6,float64
X7,float64
X8,float64
X9,float64
X10,float64
X11,float64
X12,float64
X13,float64
X14,float64
X15,float64
X16,float64
X17,float64
X18,float64
X19,float64
X20,float64
X21,float64
X22,float64
X23,float64
X24,float64
X25,float64
X26,float64
X27,float64
X28,float64
X29,float64
X30,float64
X31,float64
X32,float64
X33,float64
X34,float64
X35,float64
X36,float64
X37,float64
X38,float64
X39,float64
X40,float64
X41,float64
X42,float64
X43,float64
X44,float64
X45,float64
X46,float64
X47,float64
X48,float64
X49,float64
X50,float64
X51,float64
X52,float64
X53,float64
X54,float64
X55,float64
X56,float64
X57,float64
X58,float64
X59,float64
X60,float64
X61,float64
X62,float64
X63,float64
X64,float64
X65,float64
X66,float64
X67,float64
X68,float64
X69,float64
X70,float64
X71,float64
X72,float64
X73,float64
X74,float64
X75,float64
X76,float64
X77,float64
X78,float64
X79,float64
X80,float64
X81,float64
X82,float64
X83,float64
X84,int64
X85,float64
X86,float64
X87,float64
X88,float64
X89,float64
X90,float64
X91,float64
X92,float64
X93,float64
X94,int64
